2015-12-11 00:00:00,6640958131.5
2015-12-12 00:00:00,6370246741.5
2015-12-13 00:00:00,6562214147.5
2015-12-14 00:00:00,6666020040
2015-12-15 00:00:00,6875876973
2015-12-16 00:00:00,6802214980.25
2015-12-17 00:00:00,6788449783.5
2015-12-18 00:00:00,6873533517.5
2015-12-19 00:00:00,6908418909
2015-12-20 00:00:00,6518066555
2015-12-21 00:00:00,6575498820
2015-12-22 00:00:00,6536266657.5
2015-12-23 00:00:00,6619344750
2015-12-24 00:00:00,6809238651.25
2015-12-25 00:00:00,6826212808.5
2015-12-26 00:00:00,6273183470.25
2015-12-27 00:00:00,6282277211
2015-12-28 00:00:00,6366854662.5
2015-12-29 00:00:00,6475863612.75
2015-12-30 00:00:00,6430700000
2015-12-31 00:00:00,6452379124
2016-01-01 00:00:00,6498773751.75
2016-01-02 00:00:00,6524461476
2016-01-03 00:00:00,6438700586.25
2016-01-04 00:00:00,6513835500
2016-01-05 00:00:00,6499047642.5
2016-01-06 00:00:00,6483207481.25
2016-01-07 00:00:00,6830411223.25
2016-01-08 00:00:00,6731953008
2016-01-09 00:00:00,6780575688.75
2016-01-10 00:00:00,6723576172
2016-01-11 00:00:00,6738584831.75
2016-01-12 00:00:00,6733767994.5
2016-01-13 00:00:00,6477765250.5
2016-01-14 00:00:00,6514326105
2016-01-15 00:00:00,5907989110.5
2016-01-16 00:00:00,5589150800
2016-01-17 00:00:00,5817587213.75
2016-01-18 00:00:00,5816707008
2016-01-19 00:00:00,5718173059.5
2016-01-20 00:00:00,6167712359.25
2016-01-21 00:00:00,6164094600
2016-01-22 00:00:00,5828775540
2016-01-23 00:00:00,5872828237.5
2016-01-24 00:00:00,6120153918.75
2016-01-25 00:00:00,5854794313.5
2016-01-26 00:00:00,5962740010
2016-01-27 00:00:00,5969251295
2016-01-28 00:00:00,5788917792
2016-01-29 00:00:00,5712112523
2016-01-30 00:00:00,5728624464
2016-01-31 00:00:00,5709410157
2016-02-01 00:00:00,5637418200
2016-02-02 00:00:00,5661377906
2016-02-03 00:00:00,5585672264
2016-02-04 00:00:00,5840368670.5
2016-02-05 00:00:00,5863797293.25
2016-02-06 00:00:00,5661516168
2016-02-07 00:00:00,5673840375
2016-02-08 00:00:00,5706626345
2016-02-09 00:00:00,5659759595
2016-02-10 00:00:00,5758117900.5
2016-02-11 00:00:00,5726044293.75
2016-02-12 00:00:00,5799145650
2016-02-13 00:00:00,5909177895
2016-02-14 00:00:00,6120531763.5
2016-02-15 00:00:00,6125976346
2016-02-16 00:00:00,6189110092.5
2016-02-17 00:00:00,6363300370
2016-02-18 00:00:00,6379341962.5
2016-02-19 00:00:00,6366329644.5
2016-02-20 00:00:00,6694895489
2016-02-21 00:00:00,6622990722.75
2016-02-22 00:00:00,6682772887.5
2016-02-23 00:00:00,6356518650
2016-02-24 00:00:00,6450804727.5
2016-02-25 00:00:00,6426413210
2016-02-26 00:00:00,6472839926
2016-02-27 00:00:00,6591099600
2016-02-28 00:00:00,6615142323
2016-02-29 00:00:00,6657971469.5
2016-03-01 00:00:00,6593564428.25
2016-03-02 00:00:00,6566549286
2016-03-03 00:00:00,6437380104
2016-03-04 00:00:00,6363200092
2016-03-05 00:00:00,6128282500
2016-03-06 00:00:00,6249823738.5
2016-03-07 00:00:00,6298500809
2016-03-08 00:00:00,6306762748
2016-03-09 00:00:00,6319324957.5
2016-03-10 00:00:00,6365361600
2016-03-11 00:00:00,6446951118.5
2016-03-12 00:00:00,6276710500
2016-03-13 00:00:00,6315415323
2016-03-14 00:00:00,6339180629
2016-03-15 00:00:00,6354388122
2016-03-16 00:00:00,6374693158.5
2016-03-17 00:00:00,6416715066
2016-03-18 00:00:00,6268375748.25
2016-03-19 00:00:00,6219459016.5
2016-03-20 00:00:00,6300441606.25
2016-03-21 00:00:00,6297439974.75
2016-03-22 00:00:00,6373545750
2016-03-23 00:00:00,6412718195
2016-03-24 00:00:00,6393876498.5
2016-03-25 00:00:00,6394925517
2016-03-26 00:00:00,6385243243.5
2016-03-27 00:00:00,6557216490
2016-03-28 00:00:00,6499721486
2016-03-29 00:00:00,6363790650
2016-03-30 00:00:00,6340066807.5
2016-03-31 00:00:00,6411943060.5
2016-04-01 00:00:00,6402757500
2016-04-02 00:00:00,6432320502.5
2016-04-03 00:00:00,6433856909.75
2016-04-04 00:00:00,6449733039.75
2016-04-05 00:00:00,6494098132.5
2016-04-06 00:00:00,6485259726.25
2016-04-07 00:00:00,6475089075.75
2016-04-08 00:00:00,6505384260
2016-04-09 00:00:00,6438200965.5
2016-04-10 00:00:00,6500143221
2016-04-11 00:00:00,6487239627.75
2016-04-12 00:00:00,6569044479.75
2016-04-13 00:00:00,6550968002
2016-04-14 00:00:00,6539602042
2016-04-15 00:00:00,6623411785.5
2016-04-16 00:00:00,6630195220.75
2016-04-17 00:00:00,6574388528.5
2016-04-18 00:00:00,6600076658
2016-04-19 00:00:00,6636133517.25
2016-04-20 00:00:00,6836596928.5
2016-04-21 00:00:00,6972144300
2016-04-22 00:00:00,6915770843.75
2016-04-23 00:00:00,6979865502.75
2016-04-24 00:00:00,7106814635
2016-04-25 00:00:00,7177282587
2016-04-26 00:00:00,7242797765.5
2016-04-27 00:00:00,6924336434.5
2016-04-28 00:00:00,6967496250
2016-04-29 00:00:00,7064675364
2016-04-30 00:00:00,6927076932.25
2016-05-01 00:00:00,7002100120
2016-05-02 00:00:00,6879884027.5
2016-05-03 00:00:00,6991007400
2016-05-04 00:00:00,6937221194.75
2016-05-05 00:00:00,6956636780.5
2016-05-06 00:00:00,7150834286
2016-05-07 00:00:00,7123543384
2016-05-08 00:00:00,7106510950
2016-05-09 00:00:00,7167648224.75
2016-05-10 00:00:00,6988848750
2016-05-11 00:00:00,7029335591
2016-05-12 00:00:00,7064935352.5
2016-05-13 00:00:00,7099610927.5
2016-05-14 00:00:00,7083067858.75
2016-05-15 00:00:00,7106885526
2016-05-16 00:00:00,7074282388
2016-05-17 00:00:00,7044930395
2016-05-18 00:00:00,7046818292.5
2016-05-19 00:00:00,6876524547.75
2016-05-20 00:00:00,6868519562.5
2016-05-21 00:00:00,6911178646.75
2016-05-22 00:00:00,6821488650
2016-05-23 00:00:00,6888422724.75
2016-05-24 00:00:00,6939443749
2016-05-25 00:00:00,6981503252
2016-05-26 00:00:00,7053945795.75
2016-05-27 00:00:00,7333067368.5
2016-05-28 00:00:00,8147805219.249999
2016-05-29 00:00:00,7989516743.999999
2016-05-30 00:00:00,8194046737.5
2016-05-31 00:00:00,8289352638.75
2016-06-01 00:00:00,8421126700
2016-06-02 00:00:00,8431106865.5
2016-06-03 00:00:00,8870456000
2016-06-04 00:00:00,8961804456.5
2016-06-05 00:00:00,8968617634.5
2016-06-06 00:00:00,9134843637.5
2016-06-07 00:00:00,9028090841.5
2016-06-08 00:00:00,9047994541
2016-06-09 00:00:00,9023950503
2016-06-10 00:00:00,9064666618
2016-06-11 00:00:00,9376115184
2016-06-12 00:00:00,10428630880.5
2016-06-13 00:00:00,11010699782.5
2016-06-14 00:00:00,10717864205.75
2016-06-15 00:00:00,10889771217.5
2016-06-16 00:00:00,12027967803
2016-06-17 00:00:00,11680772866.25
2016-06-18 00:00:00,11881985587.5
2016-06-19 00:00:00,12010449024
2016-06-20 00:00:00,11665765410
2016-06-21 00:00:00,10539955718.75
2016-06-22 00:00:00,9256421500
2016-06-23 00:00:00,9820115706.5
2016-06-24 00:00:00,10357666898.25
2016-06-25 00:00:00,10441035606.25
2016-06-26 00:00:00,9815960169.75
2016-06-27 00:00:00,10188941395.5
2016-06-28 00:00:00,10196368956.5
2016-06-29 00:00:00,10063752006
2016-06-30 00:00:00,10633103644.5
2016-07-01 00:00:00,10608368893.75
2016-07-02 00:00:00,11079978477
2016-07-03 00:00:00,10380054345
2016-07-04 00:00:00,10651112509.5
2016-07-05 00:00:00,10505010226
2016-07-06 00:00:00,10643343672
2016-07-07 00:00:00,10012128070.5
2016-07-08 00:00:00,10423237155
2016-07-09 00:00:00,10262295285.625
2016-07-10 00:00:00,10235998867.5
2016-07-11 00:00:00,10240153706.75
2016-07-12 00:00:00,10682486713.875
2016-07-13 00:00:00,10366219391.25
2016-07-14 00:00:00,10423167437.625
2016-07-15 00:00:00,10514437454.25
2016-07-16 00:00:00,10453324633.125
2016-07-17 00:00:00,10721461200
2016-07-18 00:00:00,10660597959
2016-07-19 00:00:00,10660891360.5
2016-07-20 00:00:00,10522118543.25
2016-07-21 00:00:00,10488529407.375
2016-07-22 00:00:00,10230283752
2016-07-23 00:00:00,10320160372.5
2016-07-24 00:00:00,10437607074.25
2016-07-25 00:00:00,10327136946.75
2016-07-26 00:00:00,10326456540
2016-07-27 00:00:00,10351333852.625
2016-07-28 00:00:00,10354974233.625
2016-07-29 00:00:00,10402588176.75
2016-07-30 00:00:00,10334265005.75
2016-07-31 00:00:00,9858709806.75
2016-08-01 00:00:00,9553884120
2016-08-02 00:00:00,9538466775.75
2016-08-03 00:00:00,8908098000
2016-08-04 00:00:00,9098417671.75
2016-08-05 00:00:00,9110061456
2016-08-06 00:00:00,9309397508
2016-08-07 00:00:00,9364531870
2016-08-08 00:00:00,9547377630
2016-08-09 00:00:00,9548313985
2016-08-10 00:00:00,9306805453.125
2016-08-11 00:00:00,9354231524
2016-08-12 00:00:00,9241807137.5
2016-08-13 00:00:00,9223231165.625
2016-08-14 00:00:00,8995884840
2016-08-15 00:00:00,8945200083.75
2016-08-16 00:00:00,9111780000
2016-08-17 00:00:00,9046693698
2016-08-18 00:00:00,9055705733.25
2016-08-19 00:00:00,9071049473.5
2016-08-20 00:00:00,9205418289.375
2016-08-21 00:00:00,9185393311.75
2016-08-22 00:00:00,9309383328
2016-08-23 00:00:00,9246976634.25
2016-08-24 00:00:00,9186966577.5
2016-08-25 00:00:00,9143727625.125
2016-08-26 00:00:00,9154182799.125
2016-08-27 00:00:00,9000157326.75
2016-08-28 00:00:00,9098184553.25
2016-08-29 00:00:00,9106383600.25
2016-08-30 00:00:00,9173160323.25
2016-08-31 00:00:00,9105038419
2016-09-01 00:00:00,9065313400
2016-09-02 00:00:00,9194478279
2016-09-03 00:00:00,9658268480
2016-09-04 00:00:00,9752220126
2016-09-05 00:00:00,9709692792.25
2016-09-06 00:00:00,9735788868.75
2016-09-07 00:00:00,9819424903.75
2016-09-08 00:00:00,9996600081.25
2016-09-09 00:00:00,9943784235
2016-09-10 00:00:00,9971334719.125
2016-09-11 00:00:00,9682890146.875
2016-09-12 00:00:00,9696828831.25
2016-09-13 00:00:00,9743639430
2016-09-14 00:00:00,9744519111.25
2016-09-15 00:00:00,9723634531.875
2016-09-16 00:00:00,9687705824
2016-09-17 00:00:00,9658620486.125
2016-09-18 00:00:00,9751671939
2016-09-19 00:00:00,9679951822.5
2016-09-20 00:00:00,9683802530
2016-09-21 00:00:00,9500151312.75
2016-09-22 00:00:00,9481980780
2016-09-23 00:00:00,9592952323.5
2016-09-24 00:00:00,9583875364.375
2016-09-25 00:00:00,9541084296.25
2016-09-26 00:00:00,9682117480.875
2016-09-27 00:00:00,9602149537.5
2016-09-28 00:00:00,9610103889.75
2016-09-29 00:00:00,9631379511
2016-09-30 00:00:00,9716425271
2016-10-01 00:00:00,9767249440
2016-10-02 00:00:00,9698339801
2016-10-03 00:00:00,9750081669
2016-10-04 00:00:00,9718674261.25
2016-10-05 00:00:00,9762755868.75
2016-10-06 00:00:00,9772903063.5
2016-10-07 00:00:00,9867115218.875
2016-10-08 00:00:00,9881956035
2016-10-09 00:00:00,9802318240
2016-10-10 00:00:00,9854065877.25
2016-10-11 00:00:00,10207866900.75
2016-10-12 00:00:00,10152323420.25
2016-10-13 00:00:00,10152546965.625
2016-10-14 00:00:00,10216074251.625
2016-10-15 00:00:00,10189651485
2016-10-16 00:00:00,10264938207.25
2016-10-17 00:00:00,10182607559.25
2016-10-18 00:00:00,10183048859.25
2016-10-19 00:00:00,10065628111.25
2016-10-20 00:00:00,10085494744.5
2016-10-21 00:00:00,10128718512
2016-10-22 00:00:00,10587003806.875
2016-10-23 00:00:00,10504485907.75
2016-10-24 00:00:00,10445223778.5
2016-10-25 00:00:00,10491018708.625
2016-10-26 00:00:00,10751191343.375
2016-10-27 00:00:00,10933937742.5
2016-10-28 00:00:00,11016448598.375
2016-10-29 00:00:00,11433877548
2016-10-30 00:00:00,11232230640
2016-10-31 00:00:00,11251559127.375
2016-11-01 00:00:00,11722434158.625
2016-11-02 00:00:00,11811455982
2016-11-03 00:00:00,11015560588.125
2016-11-04 00:00:00,11304928421.875
2016-11-05 00:00:00,11320441822.5
2016-11-06 00:00:00,11416026125
2016-11-07 00:00:00,11260957290.125
2016-11-08 00:00:00,11371555020
2016-11-09 00:00:00,11575767274.75
2016-11-10 00:00:00,11422773691.875
2016-11-11 00:00:00,11437973770.5
2016-11-12 00:00:00,11243845495.5
2016-11-13 00:00:00,11247332051.75
2016-11-14 00:00:00,11300322593.75
2016-11-15 00:00:00,11389639488.75
2016-11-16 00:00:00,11832832521.125
2016-11-17 00:00:00,11777848098
2016-11-18 00:00:00,11978185824
2016-11-19 00:00:00,12049740050.25
2016-11-20 00:00:00,11678347786.5
2016-11-21 00:00:00,11823135341.875
2016-11-22 00:00:00,11968547386.5
2016-11-23 00:00:00,11842534500
2016-11-24 00:00:00,11801298448.5
2016-11-25 00:00:00,11852162087
2016-11-26 00:00:00,11718620057.375
2016-11-27 00:00:00,11573276306.875
2016-11-28 00:00:00,11713912056
2016-11-29 00:00:00,11707747473.75
2016-11-30 00:00:00,11847589975
2016-12-01 00:00:00,12069035148
2016-12-02 00:00:00,12394634059
2016-12-03 00:00:00,12242481351
2016-12-04 00:00:00,12265688032
2016-12-05 00:00:00,12116495500.5
2016-12-06 00:00:00,12112303227.375
2016-12-07 00:00:00,12284990287.5
2016-12-08 00:00:00,12312787200
2016-12-09 00:00:00,12354007766.625
2016-12-10 00:00:00,12395528462.5
2016-12-11 00:00:00,12322438123.5
2016-12-12 00:00:00,12460596315
2016-12-13 00:00:00,12503873910
2016-12-14 00:00:00,12425971506.25
2016-12-15 00:00:00,12472128285
2016-12-16 00:00:00,12573714999.375
2016-12-17 00:00:00,12694529298.375
2016-12-18 00:00:00,12685169466
2016-12-19 00:00:00,12697576937.5
2016-12-20 00:00:00,12756094676
2016-12-21 00:00:00,13266978907
2016-12-22 00:00:00,13815565559.25
2016-12-23 00:00:00,14503611550.5
2016-12-24 00:00:00,14365259143.75
2016-12-25 00:00:00,14372404881.25
2016-12-26 00:00:00,14514728615.25
2016-12-27 00:00:00,15007357451.625
2016-12-28 00:00:00,15706536997.5
2016-12-29 00:00:00,15554725246
2016-12-30 00:00:00,15333684493.5
2016-12-31 00:00:00,15485593574
2017-01-01 00:00:00,16144874870
2017-01-02 00:00:00,16441122593.75
2017-01-03 00:00:00,16604032593.75
2017-01-04 00:00:00,18278670450
2017-01-05 00:00:00,16020709800
2017-01-06 00:00:00,14246702550
2017-01-07 00:00:00,14507903240.25
2017-01-08 00:00:00,14753884196.25
2017-01-09 00:00:00,14483317500
2017-01-10 00:00:00,14668273763.5
2017-01-11 00:00:00,12637835230.875
2017-01-12 00:00:00,12943143563.625
2017-01-13 00:00:00,13333156411.5
2017-01-14 00:00:00,13128500736.25
2017-01-15 00:00:00,13217812515
2017-01-16 00:00:00,13370306561.25
2017-01-17 00:00:00,14562228011.625
2017-01-18 00:00:00,14128772648.25
2017-01-19 00:00:00,14500148590.125
2017-01-20 00:00:00,14465048400
2017-01-21 00:00:00,14894193301.25
2017-01-22 00:00:00,14797873125
2017-01-23 00:00:00,14863942325
2017-01-24 00:00:00,14334397638.75
2017-01-25 00:00:00,14391685218.75
2017-01-26 00:00:00,14770949263.25
2017-01-27 00:00:00,14801282964
2017-01-28 00:00:00,14818028460
2017-01-29 00:00:00,14735246803.125
2017-01-30 00:00:00,14820631418.25
2017-01-31 00:00:00,15554584256
2017-02-01 00:00:00,15815286256
2017-02-02 00:00:00,16260607102.5
2017-02-03 00:00:00,16352884325
2017-02-04 00:00:00,16666302847.5
2017-02-05 00:00:00,16350262337.5
2017-02-06 00:00:00,16511713437.5
2017-02-07 00:00:00,16965850756.25
2017-02-08 00:00:00,16925772491.250002
2017-02-09 00:00:00,15798807600
2017-02-10 00:00:00,16112416198.75
2017-02-11 00:00:00,16190090550
2017-02-12 00:00:00,16104421019.75
2017-02-13 00:00:00,16132310071.875
2017-02-14 00:00:00,16370570040
2017-02-15 00:00:00,16390111733.75
2017-02-16 00:00:00,16762256640
2017-02-17 00:00:00,17119935725
2017-02-18 00:00:00,17138105285
2017-02-19 00:00:00,17086510375
2017-02-20 00:00:00,17714421920
2017-02-21 00:00:00,18279247250
2017-02-22 00:00:00,18237515765
2017-02-23 00:00:00,19140851275
2017-02-24 00:00:00,19102806731.25
2017-02-25 00:00:00,18587381425
2017-02-26 00:00:00,19133795677.5
2017-02-27 00:00:00,19325323935
2017-02-28 00:00:00,19241800143.75
2017-03-01 00:00:00,19898087658.75
2017-03-02 00:00:00,20387931250
2017-03-03 00:00:00,20890752811.25
2017-03-04 00:00:00,20515484347.5
2017-03-05 00:00:00,20636065337.5
2017-03-06 00:00:00,20707990380
2017-03-07 00:00:00,20046119625
2017-03-08 00:00:00,18785978288.75
2017-03-09 00:00:00,19314832212.5
2017-03-10 00:00:00,17733596763.75
2017-03-11 00:00:00,19011381200
2017-03-12 00:00:00,19853444812.5
2017-03-13 00:00:00,20016183000
2017-03-14 00:00:00,20209938485
2017-03-15 00:00:00,20421359320
2017-03-16 00:00:00,19100245120
2017-03-17 00:00:00,17666903718.75
2017-03-18 00:00:00,15295539370
2017-03-19 00:00:00,16629604628.750002
2017-03-20 00:00:00,16908833575
2017-03-21 00:00:00,18168435468.75
2017-03-22 00:00:00,16558917210
2017-03-23 00:00:00,16770208989.999998
2017-03-24 00:00:00,15205794660
2017-03-25 00:00:00,15551246387.25
2017-03-26 00:00:00,15443296850.875
2017-03-27 00:00:00,16789415977.5
2017-03-28 00:00:00,16971709882.500002
2017-03-29 00:00:00,16879296264.999998
2017-03-30 00:00:00,16896048000
2017-03-31 00:00:00,17563966387.5
2017-04-01 00:00:00,17720120643.75
2017-04-02 00:00:00,17970922522.5
2017-04-03 00:00:00,18556863561.25
2017-04-04 00:00:00,18537515610
2017-04-05 00:00:00,18469918530
2017-04-06 00:00:00,19525598223.75
2017-04-07 00:00:00,19415828025
2017-04-08 00:00:00,19268254300
2017-04-09 00:00:00,19815481983.75
2017-04-10 00:00:00,19759160490
2017-04-11 00:00:00,20153773955
2017-04-12 00:00:00,20033943606.25
2017-04-13 00:00:00,19349213565
2017-04-14 00:00:00,19626308325
2017-04-15 00:00:00,19498363475
2017-04-16 00:00:00,19756107948.75
2017-04-17 00:00:00,20183091637.5
2017-04-18 00:00:00,20637969895
2017-04-19 00:00:00,20638607437.5
2017-04-20 00:00:00,21072337100
2017-04-21 00:00:00,21588070556.25
2017-04-22 00:00:00,21952078835
2017-04-23 00:00:00,22086609057.5
2017-04-24 00:00:00,20575227796.584686
2017-04-25 00:00:00,20846606998.605473
2017-04-26 00:00:00,21332959973.278126
2017-04-27 00:00:00,21926056741.283905
2017-04-28 00:00:00,21699183920.794643
2017-04-29 00:00:00,21762127405.33031
2017-04-30 00:00:00,22058522827.63125
2017-05-01 00:00:00,23107339286.35547
2017-05-02 00:00:00,23679316586.473595
2017-05-03 00:00:00,24586863671.325005
2017-05-04 00:00:00,24601696289.92031
2017-05-05 00:00:00,25012643352.80893
2017-05-06 00:00:00,25457585279.685
2017-05-07 00:00:00,25060400380.24821
2017-05-08 00:00:00,26773285640.515312
2017-05-09 00:00:00,28093005954.43714
2017-05-10 00:00:00,28775239681.5
2017-05-11 00:00:00,29726737675.149216
2017-05-12 00:00:00,28089241688.38125
2017-05-13 00:00:00,28932596583.104843
2017-05-14 00:00:00,29008025583.46875
2017-05-15 00:00:00,28143078402.152344
2017-05-16 00:00:00,28405717823.94469
2017-05-17 00:00:00,29527347103.759373
2017-05-18 00:00:00,31027073784.75844
2017-05-19 00:00:00,32051195727.737812
2017-05-20 00:00:00,33548728731.442036
2017-05-21 00:00:00,33448303438.292187
2017-05-22 00:00:00,34173338961.43125
2017-05-23 00:00:00,37399030237.9925
2017-05-24 00:00:00,38899164896.69583
2017-05-25 00:00:00,39035030222.50714
2017-05-26 00:00:00,36173950629.23572
2017-05-27 00:00:00,32941397092.733437
2017-05-28 00:00:00,35872423567.02
2017-05-29 00:00:00,37233600371.057495
2017-05-30 00:00:00,36637793849.62821
2017-05-31 00:00:00,37407051147.54536
2017-06-01 00:00:00,39266335456.46732
2017-06-02 00:00:00,40038367306.688034
2017-06-03 00:00:00,41347691234.02384
2017-06-04 00:00:00,41195730259.78571
2017-06-05 00:00:00,44183337149.245316
2017-06-06 00:00:00,47218046131.66005
2017-06-07 00:00:00,43647073231.34844
2017-06-08 00:00:00,45750548628.39453
2017-06-09 00:00:00,46320881411.2725
2017-06-10 00:00:00,46618837861.55357
2017-06-11 00:00:00,48532280870.3339
2017-06-12 00:00:00,43553314505.484375
2017-06-13 00:00:00,45041413814.62786
2017-06-14 00:00:00,40110100599.34766
2017-06-15 00:00:00,40040006172.293755
2017-06-16 00:00:00,40413077779.20965
2017-06-17 00:00:00,43712771805.8625
2017-06-18 00:00:00,41117798759.675896
2017-06-19 00:00:00,42923655055.5161
2017-06-20 00:00:00,45187876438.29063
2017-06-21 00:00:00,43815826861.04063
2017-06-22 00:00:00,44743205311.07188
2017-06-23 00:00:00,44471767180.92857
2017-06-24 00:00:00,42487095408.79781
2017-06-25 00:00:00,41230694351.48571
2017-06-26 00:00:00,39989166644.50357
2017-06-27 00:00:00,41330152143.23179
2017-06-28 00:00:00,42442320273.54893
2017-06-29 00:00:00,41774133240.188126
2017-06-30 00:00:00,40682623613.3625
2017-07-01 00:00:00,39972304954.08187
2017-07-02 00:00:00,41080316972.48857
2017-07-03 00:00:00,42071777410.52143
2017-07-04 00:00:00,42709239179.27016
2017-07-05 00:00:00,43033774511.861015
2017-07-06 00:00:00,42886924818.806244
2017-07-07 00:00:00,40939964795.358925
2017-07-08 00:00:00,42110891329.15047
2017-07-09 00:00:00,41689712862.03671
2017-07-10 00:00:00,38900014611.33214
2017-07-11 00:00:00,38965835960.22696
2017-07-12 00:00:00,39232323095.42857
2017-07-13 00:00:00,38727739418.65938
2017-07-14 00:00:00,36037038604.84167
2017-07-15 00:00:00,33869937133.654995
2017-07-16 00:00:00,31771903140.3825
2017-07-17 00:00:00,35813346629.51719
2017-07-18 00:00:00,38179206707.796875
2017-07-19 00:00:00,37272494746.034996
2017-07-20 00:00:00,47702949608.25625
2017-07-21 00:00:00,44152958959.793755
2017-07-22 00:00:00,46223084883.07143
2017-07-23 00:00:00,44877947692.232506
2017-07-24 00:00:00,45316644720.88572
2017-07-25 00:00:00,42178931413.072914
2017-07-26 00:00:00,41097019288.87946
2017-07-27 00:00:00,43615617342.1875
2017-07-28 00:00:00,45828471053.678116
2017-07-29 00:00:00,44859727986.86965
2017-07-30 00:00:00,45251045529.0052
2017-07-31 00:00:00,47241588637.54167
2017-08-01 00:00:00,44675298135.74333
2017-08-02 00:00:00,44403849136.32938
2017-08-03 00:00:00,46065116956.410614
2017-08-04 00:00:00,47386068357.75834
2017-08-05 00:00:00,53069653154.78604
2017-08-06 00:00:00,53643416122.41167
2017-08-07 00:00:00,56200758544.42917
2017-08-08 00:00:00,57035007861.625
2017-08-09 00:00:00,55390344636.57751
2017-08-10 00:00:00,56502754910.105
2017-08-11 00:00:00,59942989324.666664
2017-08-12 00:00:00,63584781055.950714
2017-08-13 00:00:00,68093665581.257256
2017-08-14 00:00:00,70699295406.6
2017-08-15 00:00:00,69618446260.69875
2017-08-16 00:00:00,72000312096.68233
2017-08-17 00:00:00,71479165577.8875
2017-08-18 00:00:00,68212617155.474174
2017-08-19 00:00:00,69743600462.25
2017-08-20 00:00:00,68681670539.354164
2017-08-21 00:00:00,66800518311.625
2017-08-22 00:00:00,67440385316.830414
2017-08-23 00:00:00,68981289804.375
2017-08-24 00:00:00,71719067902.44626
2017-08-25 00:00:00,72100292858.95937
2017-08-26 00:00:00,72064023327.89166
2017-08-27 00:00:00,71969913143.22917
2017-08-28 00:00:00,72594582814.17583
2017-08-29 00:00:00,76178812260.67313
2017-08-30 00:00:00,75973586549.24814
2017-08-31 00:00:00,78517382092.75
2017-09-01 00:00:00,81231461537.13708
2017-09-02 00:00:00,75760868525.75699
2017-09-03 00:00:00,76890792076.29668
2017-09-04 00:00:00,71870445889.03104
2017-09-05 00:00:00,74274178848.559
2017-09-06 00:00:00,76816932326.06458
2017-09-07 00:00:00,77039601932.88751
2017-09-08 00:00:00,71356979356.6398
2017-09-09 00:00:00,72439028688.42
2017-09-10 00:00:00,71691497930.5
2017-09-11 00:00:00,70345290810.7379
2017-09-12 00:00:00,69874102306.50209
2017-09-13 00:00:00,65614497261.066666
2017-09-14 00:00:00,54993571515.24999
2017-09-15 00:00:00,62533631277.012085
2017-09-16 00:00:00,62365306431.7965
2017-09-17 00:00:00,62082482021.2277
2017-09-18 00:00:00,67843960761.25001
2017-09-19 00:00:00,65367103852
2017-09-20 00:00:00,65938973200.0625
2017-09-21 00:00:00,60664303198.530205
2017-09-22 00:00:00,60315885095.77125
2017-09-23 00:00:00,62626656252.875
2017-09-24 00:00:00,61417012140.61563
2017-09-25 00:00:00,65395652604.37501
2017-09-26 00:00:00,64867502636.00916
2017-09-27 00:00:00,69723276430.05104
2017-09-28 00:00:00,69723184107.745
2017-09-29 00:00:00,69592424013.01666
2017-09-30 00:00:00,71952969917.53354
2017-10-01 00:00:00,72380860562.80876
2017-10-02 00:00:00,72823312134.89062
2017-10-03 00:00:00,71279730159.165
2017-10-04 00:00:00,70155650735
2017-10-05 00:00:00,72049945834.65
2017-10-06 00:00:00,72170693759.16667
2017-10-07 00:00:00,72687340130.625
2017-10-08 00:00:00,76453090033.93333
2017-10-09 00:00:00,79381217030.69771
2017-10-10 00:00:00,79462424258.5
2017-10-11 00:00:00,80089009599.025
2017-10-12 00:00:00,88501874725.39436
2017-10-13 00:00:00,92478045824.44708
2017-10-14 00:00:00,95407407494.04167
2017-10-15 00:00:00,93889733071.14584
2017-10-16 00:00:00,94964431959.39334
2017-10-17 00:00:00,93188555403.20026
2017-10-18 00:00:00,92242198387.96751
2017-10-19 00:00:00,95272882875.65
2017-10-20 00:00:00,99475116073.968
2017-10-21 00:00:00,100167245085.88417
2017-10-22 00:00:00,99562135446.97876
2017-10-23 00:00:00,97792438828.005
2017-10-24 00:00:00,91642025553.67166
2017-10-25 00:00:00,94381426739.30168
2017-10-26 00:00:00,98115524477.1552
2017-10-27 00:00:00,96114589130.80562
2017-10-28 00:00:00,96190524845.50125
2017-10-29 00:00:00,102508904908.668
2017-10-30 00:00:00,101694785279.22725
2017-10-31 00:00:00,106415422966.97292
2017-11-01 00:00:00,111032844955.63875
2017-11-02 00:00:00,117758780931.82877
2017-11-03 00:00:00,119930391012.7365
2017-11-04 00:00:00,123938478074.60165
2017-11-05 00:00:00,122942798361.19292
2017-11-06 00:00:00,116489128916.625
2017-11-07 00:00:00,118220619187.42249
2017-11-08 00:00:00,123630662496.61876
2017-11-09 00:00:00,119345862425.91675
2017-11-10 00:00:00,112042515457.35188
2017-11-11 00:00:00,106103642870.71208
2017-11-12 00:00:00,95327831900.68855
2017-11-13 00:00:00,109246250479.9725
2017-11-14 00:00:00,110677604469.44708
2017-11-15 00:00:00,121800537300.086
2017-11-16 00:00:00,130383139250.17125
2017-11-17 00:00:00,129929811148.99916
2017-11-18 00:00:00,130447943861.34624
2017-11-19 00:00:00,133643141971.57834
2017-11-20 00:00:00,137799223020.03354
2017-11-21 00:00:00,134548487745
2017-11-22 00:00:00,138037428085.9375
2017-11-23 00:00:00,136067805658.125
2017-11-24 00:00:00,137786800128.58334
2017-11-25 00:00:00,145425891723.50668
2017-11-26 00:00:00,155075955186.3375
2017-11-27 00:00:00,162348370564.33438
2017-11-28 00:00:00,166280421452.90775
2017-11-29 00:00:00,165079130752.25
2017-11-30 00:00:00,169579202441.65
2017-12-01 00:00:00,181912888874.6
2017-12-02 00:00:00,185068301099.47916
2017-12-03 00:00:00,189460332831.525
2017-12-04 00:00:00,193702991532
2017-12-05 00:00:00,198638586220.83334
2017-12-06 00:00:00,226472551975.50003
2017-12-07 00:00:00,276026211047.2292
2017-12-08 00:00:00,267785606695.25
